Ciudad,Segmento,Clientes,IngresoPromedio,LTVEstimado
Boston,C0,990,10280.134343434343,3883283.4
Boston,C1,1557,2719.2023121387283,1046336.52
Chicago,C0,1816,10154.402533039647,6660965.64
Chicago,C1,3568,2681.8433295964123,2227131.6
Dallas,C0,796,9937.369346733669,3363034.92
Dallas,C1,1806,2624.0243632336656,1305600.72
Denver,C0,970,9457.349484536082,4173878.64
Denver,C1,1553,2743.0328396651644,1263322.08
Houston,C0,623,10202.373996789727,2114768.28
Houston,C1,1589,2653.5368156073,1263446.28
Miami,C0,1593,10057.777777777777,7046012.4
Miami,C1,1593,2894.735718769617,1464796.56
NYC,C0,1615,9411.78080495356,7874333.52
NYC,C1,3154,2412.538998097654,2913576.36
Phoenix,C0,588,9638.809523809523,2757445.56
Phoenix,C1,923,2446.641386782232,779298.84
San Diego,C0,1357,9993.769344141489,5804007.96
San Diego,C1,1718,3001.2188591385334,1402332.12
Seattle,C0,977,9582.033776867964,3970526.88
Seattle,C1,1214,2610.714168039539,1111107.96
