Feature,Importancia,Ranking_RF,En_KBest
ingresos_mensuales,0.6786,1,✅
edad,0.1185,2,✅
frecuencia_visita,0.0525,3,✅
preferencia_encoded,0.0286,4,✅
pago_digital,0.0191,5,✅
consume_licor_bin,0.0173,6,✅
es_masculino,0.0166,7,✅
pref_mariscos,0.011,8,✅
es_premium,0.0105,9,✅
es_vegano,0.0076,10,✅
es_carnivoro,0.0064,11,✅
es_miami,0.0059,12,✅
es_adulto,0.0059,13,✅
es_vegetariano,0.0058,14,✅
es_visitante_frecuente,0.0054,15,✅
es_ciudad_top5,0.0054,16,✅
es_joven,0.0025,17,✅
es_senior,0.0024,18,✅
es_omnivoro,0,19,❌
pref_italiana,0,20,❌
