name,city,price,rating,review_count
Salty Flame,Miami,No especificado,4.4,184
Old's Havana Cuban Bar & Cocina,Miami,Medio,4.4,2965
Crazy About You,Miami,Medio,4.2,2764
Fratellino,Miami,Alto,4.8,1804
Bayshore Club Bar & Grill,Miami,Alto,4.3,938
Grails Miami - Restaurant & Sports Bar,Miami,Medio,4.4,686
Capriccio Blue Lagoon,Miami,No especificado,4.5,124
Sixty Vines,Miami,No especificado,4.7,136
House of Food Porn,Miami,No especificado,4.8,171
Bunbury,Miami,Alto,4.6,948
Versailles,Miami,Medio,4,6869
Giselle Miami,Miami,No especificado,4.5,430
Le Parc Cafe,Miami,Medio,4.3,59
The Fatty Crab,Miami,Medio,4.2,714
The Brightside,Miami,Medio,4.8,95
Mint Beirut,Miami,No especificado,4.8,65
Sanguich,Miami,Medio,4.5,1410
Good Chef Restaurant,Miami,Medio,4.7,713
Tacos & Cantina La Potranca,Miami,Medio,4.5,137
Apocalypse BBQ,Miami,Medio,4.3,879
Loretta & The Butcher,Miami,Alto,4.4,311
CVI.CHE 105,Miami,Medio,4.4,5946
Pisco Y Nazca,Miami,Medio,4.3,247
ConSentido Miami,Miami,No especificado,4.5,111
Rumi Persian Cuisine,Miami,No especificado,4.9,20
Armstrong Jazz House,Miami,No especificado,3.9,123
Mofongo,Miami,Medio,4.1,686
Braga Portuguese Restaurant,Miami,No especificado,4.8,71
Bombay Darbar,Miami,Medio,4.5,1673
Sufrat Mediterranean Grill,Miami,Medio,4.5,101
Khaosan Road,Miami,Medio,4.4,165
Pierogi One,Miami,Medio,4.5,63
COTE Miami,Miami,Muy Alto,4.5,902
Le Chick,Miami,Medio,4.3,1423
First Watch,Miami,Medio,3.9,496
The Taco Stand,Miami,Medio,4.5,1634
Carnicero Steakhouse,Miami,Alto,4.1,156
Bachour,Miami,Medio,4.4,870
Chifa Du Kang Peruvian Chinese Restaurant - Doral,Miami,Medio,4.7,118
Cafe La Trova,Miami,Medio,4.4,1216
La Carreta Restaurant,Miami,Medio,3.8,718
A Little Bit of Philly,Miami,Bajo,4.6,405
La Diosa Taqueria,Miami,Medio,4.6,518
Bored Cuban,Miami,No especificado,4.3,95
Atchana's Homegrown Thai,Miami,Medio,4.4,372
Lala’s Burgers,Miami,No especificado,4.4,26
Domoishi,Miami,No especificado,4.8,4
Casa Juan Restaurant,Miami,Medio,3.9,282
Cèrto,Miami,Medio,4.7,378
Ichimi - Gables,Miami,Medio,4.4,1604
Motek Coral Gables,Miami,No especificado,4.3,395
Levant,Miami,No especificado,4.5,133
Gordon Ramsay Hell's Kitchen,Miami,Alto,3.9,538
Casa Mariano,Miami,No especificado,4.7,131
China Spot Miami,Miami,No especificado,5,1
Catch Of The Day,Miami,Medio,3.6,713
MIKA,Miami,No especificado,4.3,47
Naked Farmer,Miami,Medio,4.4,115
Jrk - Miami,Miami,Medio,4.4,94
La Cabrera,Miami,No especificado,5,3
Greenstreet Cafe,Miami,Medio,4.2,2559
La Pata Gorda,Miami,No especificado,4.6,165
The Greek Street,Miami,No especificado,5,1
Bobe Kitchen & Bakery,Miami,Medio,4.7,65
Koko,Miami,No especificado,4.3,255
Hillstone Restaurant,Miami,Alto,3.6,1351
Meraki Greek Bistro,Miami,Medio,4.2,368
Sovereign,Miami,Medio,4.6,199
Paseo Catracho,Miami,Bajo,4.2,75
Salumeria 104,Miami,Medio,4.5,296
Breadman Miami,Miami,Bajo,4.5,240
Fugato,Miami,Alto,4.8,118
The Boiling Crab,Miami,Medio,4,231
Dumplings Mi Amor,Miami,No especificado,4.6,94
107 Taste - Coral Gables,Miami,Medio,4.5,202
Diced,Miami,Medio,4.4,591
My Little Greek Deli,Miami,Medio,4.7,440
Sweet Dogs,Miami,Bajo,4.7,755
Taqueria Viva México,Miami,Bajo,4.4,534
Bouchon Bistro,Miami,No especificado,3.9,135
Amor di Pasta - Blue Lagoon,Miami,Medio,4.3,406
Kyu,Miami,Alto,4.4,2057
Glass & Vine,Miami,Medio,4.1,1639
CVI.CHE 105,Miami,No especificado,4.7,248
Impressions,Miami,No especificado,4.6,13
El Machetico,Miami,No especificado,4.3,15
Cubata,Miami,No especificado,4.6,90
Bro’s Hot Chicken,Miami,Medio,4.1,87
Manny's Wood Grill Steakhouse,Miami,Alto,4.6,280
Don Maguey Mexican Restaurant,Miami,Medio,4.7,251
Urbano Cucina Italiana,Miami,Medio,4.4,82
Ariete,Miami,Muy Alto,4.1,719
Doc B's Restaurant + Bar,Miami,Medio,4.5,707
La Rosa,Miami,No especificado,4.4,17
La Cañita,Miami,Medio,4.1,313
Frenchie's,Miami,Medio,4.5,262
La Patagonia Argentina,Miami,Medio,4.2,428
Benito Juarez,Miami,No especificado,4.1,37
Francesco Restaurant,Miami,No especificado,4.8,37
Amal,Miami,Alto,4.1,332
Giovanni's Ristorante,Miami,Medio,4.6,204
Doya,Miami,Alto,4.2,532
World Famous House of Mac,Miami,No especificado,4.2,1479
Sunny's Steakhouse,Miami,No especificado,4.5,228
Fritanga Cana Brava,Miami,Bajo,4.4,327
Lung Yai Thai Tapas,Miami,Medio,4,1772
Luca Osteria,Miami,Alto,4.5,430
China Express,Miami,Bajo,4.1,183
Tacos El Carnal,Miami,Bajo,4.1,326
No manches que rico,Miami,Medio,4,190
Calista Greek Seafood Taverna,Miami,Alto,4.5,214
Truluck's Ocean's Finest Seafood & Crab,Miami,Alto,4.4,1438
Ciao Havana,Miami,No especificado,4,22
La Rosa Fine Cuban Cuisine,Miami,Medio,4.1,523
La Bodeguita Espanola,Miami,Bajo,4,11
Bulla Gastrobar,Miami,Medio,4.3,1640
La Granja,Miami,Medio,3.9,101
CalaMillor,Miami,No especificado,4,191
Skinny Louie,Miami,No especificado,3.8,19
Carbone Vino,Miami,No especificado,4.4,68
Cafe Versailles,Miami,Bajo,3.9,409
Mother Wolf,Miami,No especificado,4.3,69
Belly Fish,Miami,Medio,4.4,71
Madrid Tapas Y Vinos,Miami,Medio,4,337
Chef Allen's Farm to Table,Miami,Alto,4.7,15
Los Gauchitos,Miami,Medio,3.7,107
Maple & Ash,Miami,Muy Alto,4.3,68
Mi Rinconcito Mexicano,Miami,Medio,4.2,1023
Kuba Kitchen,Miami,Medio,4.6,73
Doce Provisions,Miami,Medio,4.5,1023
Latin Cafe 2000,Miami,Medio,3.6,634
Zitz Sum,Miami,No especificado,4.2,258
Bandidos Taqueria,Miami,No especificado,4.5,71
Recoveco,Miami,No especificado,4.5,22
Chug's Diner,Miami,Medio,3.9,555
John Martin's,Miami,Medio,3.9,156
House of Birds & Biscuits,Miami,No especificado,5,4
Grill 305,Miami,Medio,2.7,47
Sushi Cafe & Shilla Korean BBQ,Miami,Medio,3.9,646
Taipa Peruvian Restaurant- Coral Gables,Miami,No especificado,4.8,43
Brasserie Laurel,Miami,No especificado,4.5,87
Sereia,Miami,No especificado,4.3,25
Jholano's Deli,Miami,Medio,4.1,248
Tacos & Tattoos,Miami,No especificado,4.1,55
Doobi Doobap,Miami,No especificado,4.5,11
Kitchen 57,Miami,No especificado,4.5,42
Toro Toro,Miami,Alto,4.2,1402
CHIMBA,Miami,No especificado,4.4,94
Aromas Del Peru,Miami,Medio,3.9,385
The Wagyu Bar,Miami,No especificado,4.1,208
ERBA,Miami,No especificado,3.9,88
Klaw Miami,Miami,Muy Alto,4.4,374
WHISK Gourmet Food & Catering,Miami,Medio,4.3,1477
B Bistro + Bakery,Miami,Medio,4.4,1184
Shahs of Kabob,Miami,No especificado,4.5,105
Pastis Miami,Miami,No especificado,4.4,322
The Collab,Miami,No especificado,4.4,14
Slab Daddy Barbecue,Miami,No especificado,4.4,30
Texas Roadhouse,Miami,Medio,4,720
The Thousand Sunny,Miami,Medio,4.4,81
The Mediterranean Kitchen,Miami,No especificado,4.3,8
Majestic Portuguese Bakehouse,Miami,Medio,4.3,177
LIRA Beirut eatery,Miami,No especificado,4.7,146
Mandolin Aegean Bistro,Miami,Medio,4.3,2504
SHINGO,Miami,No especificado,4.8,35
Hemingways on the Beach Turks and Caicos,Miami,Alto,3.3,50
Ohho Noodles Market,Miami,Medio,3.7,456
King Duck BBQ,Miami,Medio,4.4,139
Monty's Raw Bar,Miami,Medio,3.3,1307
Amsterdam Falafelshop,Miami,Bajo,4.5,386
Blue Matisse,Miami,Medio,4.4,228
Sanguich De Miami,Miami,No especificado,4.5,30
Miranda Cuisine & Bar,Miami,Medio,4.3,100
La Cañita,Miami,No especificado,4.6,46
Lili’s Mediterranean Food,Miami,No especificado,4.6,15
CRAFT Coral Gables,Miami,Medio,4.4,285
Mai Sushi Tapas Bar,Miami,No especificado,4.8,66
Namaste Miami,Miami,Medio,4.5,211
El Mago De Las Fritas,Miami,Bajo,4.7,449
Dolores But You Can Call Me Lolita,Miami,Medio,4,1934
Ceviches by Divino ® Miami Springs - Peruvian Tapas & Gastrobar,Miami,Medio,4.8,550
Cafe Panisse,Miami,No especificado,5,1
Habana Con B,Miami,Medio,4.9,100
The Doral Yard,Miami,Medio,4.5,414
Hometown Bar-B-Que,Miami,Alto,4,683
Jass Kitchen,Miami,No especificado,4.6,206
Corona Beach House,Miami,Medio,4.1,834
Old Tom's Sports Bar - Miami Springs,Miami,Medio,3.9,434
Hi Pot Miami,Miami,Medio,4.4,267
Ranchito Mi Peru,Miami,Medio,3.7,32
Paperfish Sushi,Miami,No especificado,4.4,872
Matsuri,Miami,Medio,4,895
Howling Wolf Bar & Eatery,Miami,No especificado,4.8,29
To Be Determined,Miami,No especificado,4.2,17
Tap 42  - Coral Gables,Miami,Medio,4.1,1280
Casa Xabi,Miami,No especificado,4.2,72
Central Fare Food Collective,Miami,No especificado,4.5,2
107 Taste,Miami,Medio,4.4,1223
Pho 79,Miami,Medio,4.2,933
Sra Martinez,Miami,No especificado,4.5,61
